{"mean": [0.27564102564102566, 0.30128205128205127, 7.916666666666667, 4.211538461538462, 2.2051282051282053, 0.3076923076923077, 0.28205128205128205, 0.15384615384615385, 215.37820512820514, 37.60897435897436, 332.5064102564103, 10.666666666666666, 25.096153846153847, 13.032051282051283, 22.108974358974358, 0.0, 0.01282051282051282, 0.09615384615384616, 0.3076923076923077, 0.019230769230769232, 1.2692307692307692, 0.0, 3.2115384615384617, 3.2115384615384617, 0.9423076923076923, 0.14743589743589744, 1.4487179487179487, 0.02564102564102564, 2.1858974358974357, 0.6538461538461539, 0.21794871794871795, 3.7435897435897436, 0.75, 0.8974358974358975], "scale": [0.7643810798547904, 0.8352787941979717, 10.376846967718713, 8.067829129567965, 2.3662096400121726, 0.5384615384615378, 0.5405940677514874, 0.7174906963914479, 319.9469776374555, 58.05662286012182, 441.44997824469516, 17.89152977268402, 38.67977985747184, 27.64760384475198, 38.50533990905889, 1.0, 0.15961409741011198, 0.33548369508024406, 0.7126636979326825, 0.13733516208736252, 2.602627257033413, 1.0, 7.171891013537453, 7.064727856359244, 1.9521204270576444, 1.2393365014553464, 3.7215499800191325, 0.15806189751202504, 2.1086041292988136, 0.4757429568020381, 0.41285236379755463, 6.35173284944069, 0.4330127018922193, 1.0201777571321946], "var": [0.5842784352399755, 0.6976906640368176, 107.67895299145304, 65.08986686390539, 5.598948060486535, 0.2899408284023661, 0.2922419460880998, 0.5147928994082849, 102366.06849934247, 3370.571457922419, 194878.08329224182, 320.10683760683867, 1496.1253698224843, 764.3899983563444, 1482.6612015121632, 0.0, 0.025476660092044717, 0.11254930966469416, 0.5078895463510856, 0.018860946745562133, 6.773668639053265, 0.0, 51.43602071005928, 49.91037968441828, 3.8107741617357203, 1.535954963839578, 13.849934253780406, 0.024983563445101904, 4.446211374096008, 0.2263313609467459, 0.1704470742932284, 40.34451019066395, 0.1875, 1.040762656147275], "n_features_in": 34, "n_samples_seen": 156}